"","model","FP_mean","FP_sd","FN_mean","FN_sd","auc_mean","auc_sd"
"1","lasso",23.2,19.715476154534,3.2,0.836660026534076,0.806719388944389,0.0644307364913838
"2","rrf",21.6,3.36154726279432,5.6,0.547722557505166,0.700849206349206,0.045700967991626
"3","ss",49.8,11.861703081767,4.4,1.51657508881031,0.856772351922111,0.0562187529296931
